wwtp,samp_date,field_pt_name,parameter,mean_value
Camrosa Water Reclamation Facility,2020-11-24,effluent,PFBS,13
Camrosa Water Reclamation Facility,2020-11-24,effluent,PFDA,1
Camrosa Water Reclamation Facility,2020-11-24,effluent,PFHpA,2.5
Camrosa Water Reclamation Facility,2020-11-24,effluent,PFHxA,43
Camrosa Water Reclamation Facility,2020-11-24,effluent,PFOA,17
Camrosa Water Reclamation Facility,2020-11-24,effluent,PFOS,1.6
Camrosa Water Reclamation Facility,2020-11-24,influent,PFBS,1.9
Camrosa Water Reclamation Facility,2021-03-22,effluent,NMEFOSAA,0.42
Camrosa Water Reclamation Facility,2021-03-22,effluent,PFBS,14
Camrosa Water Reclamation Facility,2021-03-22,effluent,PFDA,1.6
Camrosa Water Reclamation Facility,2021-03-22,effluent,PFHpA,4.1
Camrosa Water Reclamation Facility,2021-03-22,effluent,PFHxA,73
Camrosa Water Reclamation Facility,2021-03-22,effluent,PFHxS,0.94
Camrosa Water Reclamation Facility,2021-03-22,effluent,PFNA,0.97
Camrosa Water Reclamation Facility,2021-03-22,effluent,PFOA,43
Camrosa Water Reclamation Facility,2021-03-22,effluent,PFOS,2.1
Camrosa Water Reclamation Facility,2021-03-22,effluent,PFPA,100
Camrosa Water Reclamation Facility,2021-03-22,influent,PFBS,1.3
Camrosa Water Reclamation Facility,2021-03-22,influent,PFHxS,0.49
Camrosa Water Reclamation Facility,2021-03-22,influent,PFOS,1.2
Camrosa Water Reclamation Facility,2021-05-26,effluent,NMEFOSAA,1.4
Camrosa Water Reclamation Facility,2021-05-26,effluent,PFBA,2.6
Camrosa Water Reclamation Facility,2021-05-26,effluent,PFBS,16
Camrosa Water Reclamation Facility,2021-05-26,effluent,PFDA,2.9
Camrosa Water Reclamation Facility,2021-05-26,effluent,PFHxA,47
Camrosa Water Reclamation Facility,2021-05-26,effluent,PFHxS,3.1
Camrosa Water Reclamation Facility,2021-05-26,effluent,PFNA,1.6
Camrosa Water Reclamation Facility,2021-05-26,effluent,PFOA,33
Camrosa Water Reclamation Facility,2021-05-26,effluent,PFOS,4.6
Camrosa Water Reclamation Facility,2021-05-26,effluent,PFPA,74
Camrosa Water Reclamation Facility,2021-05-26,influent,PFHxA,5.3
Camrosa Water Reclamation Facility,2021-05-26,influent,PFHxS,1.6
Camrosa Water Reclamation Facility,2021-05-26,influent,PFOA,2.3
Camrosa Water Reclamation Facility,2021-05-26,influent,PFOS,1.8
Camrosa Water Reclamation Facility,2021-05-26,influent,PFPA,3.7
Camrosa Water Reclamation Facility,2021-08-18,effluent,PFBA,8.8
Camrosa Water Reclamation Facility,2021-08-18,effluent,PFBS,16
Camrosa Water Reclamation Facility,2021-08-18,effluent,PFDA,1.8
Camrosa Water Reclamation Facility,2021-08-18,effluent,PFHpA,3.5
Camrosa Water Reclamation Facility,2021-08-18,effluent,PFHxA,39
Camrosa Water Reclamation Facility,2021-08-18,effluent,PFHxS,0.92
Camrosa Water Reclamation Facility,2021-08-18,effluent,PFNA,1.1
Camrosa Water Reclamation Facility,2021-08-18,effluent,PFOA,21
Camrosa Water Reclamation Facility,2021-08-18,effluent,PFOS,2.4
Camrosa Water Reclamation Facility,2021-08-18,effluent,PFPA,80
Camrosa Water Reclamation Facility,2021-08-18,influent,8:2FTS,1.1
Camrosa Water Reclamation Facility,2021-08-18,influent,PFBA,3
Camrosa Water Reclamation Facility,2021-08-18,influent,PFBS,1.1
Camrosa Water Reclamation Facility,2021-08-18,influent,PFHxA,6.7
Camrosa Water Reclamation Facility,2021-08-18,influent,PFOA,3.7
Camrosa Water Reclamation Facility,2021-08-18,influent,PFPA,4.2
Carpinteria SD WWTP,2020-12-01,effluent,NETFOSAA,0.56
Carpinteria SD WWTP,2020-12-01,effluent,NMEFOSAA,0.9450000000000001
Carpinteria SD WWTP,2020-12-01,effluent,PFBA,6.5
Carpinteria SD WWTP,2020-12-01,effluent,PFBS,11.5
Carpinteria SD WWTP,2020-12-01,effluent,PFDA,1.65
Carpinteria SD WWTP,2020-12-01,effluent,PFHpA,3
Carpinteria SD WWTP,2020-12-01,effluent,PFHxA,35.5
Carpinteria SD WWTP,2020-12-01,effluent,PFHxS,1.95
Carpinteria SD WWTP,2020-12-01,effluent,PFNA,1.25
Carpinteria SD WWTP,2020-12-01,effluent,PFOA,9.45
Carpinteria SD WWTP,2020-12-01,effluent,PFOS,3.85
Carpinteria SD WWTP,2020-12-01,effluent,PFPA,24.5
Carpinteria SD WWTP,2020-12-01,influent,ADONA,0.44
Carpinteria SD WWTP,2020-12-01,influent,MEFOSE,2.7
Carpinteria SD WWTP,2020-12-01,influent,PFBA,8.8
Carpinteria SD WWTP,2020-12-01,influent,PFBS,18.5
Carpinteria SD WWTP,2020-12-01,influent,PFDA,0.875
Carpinteria SD WWTP,2020-12-01,influent,PFHpA,3.55
Carpinteria SD WWTP,2020-12-01,influent,PFHxA,22
Carpinteria SD WWTP,2020-12-01,influent,PFHxS,2.85
Carpinteria SD WWTP,2020-12-01,influent,PFNA,0.96
Carpinteria SD WWTP,2020-12-01,influent,PFOA,8.15
Carpinteria SD WWTP,2020-12-01,influent,PFOS,3.5999999999999996
Carpinteria SD WWTP,2020-12-01,influent,PFPA,34
Carpinteria SD WWTP,2020-12-01,influent,PFPES,1.05
Carpinteria SD WWTP,2021-03-10,effluent,NETFOSAA,0.505
Carpinteria SD WWTP,2021-03-10,effluent,NMEFOSAA,1.75
Carpinteria SD WWTP,2021-03-10,effluent,PFBA,5.550000000000001
Carpinteria SD WWTP,2021-03-10,effluent,PFBS,3.8
Carpinteria SD WWTP,2021-03-10,effluent,PFDA,2.05
Carpinteria SD WWTP,2021-03-10,effluent,PFHpA,2.3499999999999996
Carpinteria SD WWTP,2021-03-10,effluent,PFHxA,30
Carpinteria SD WWTP,2021-03-10,effluent,PFHxS,1.45
Carpinteria SD WWTP,2021-03-10,effluent,PFNA,0.935
Carpinteria SD WWTP,2021-03-10,effluent,PFOA,10.3
Carpinteria SD WWTP,2021-03-10,effluent,PFOS,3.3499999999999996
Carpinteria SD WWTP,2021-03-10,effluent,PFPA,11
Carpinteria SD WWTP,2021-03-10,influent,8:2FTS,2.75
Carpinteria SD WWTP,2021-03-10,influent,ADONA,0.815
Carpinteria SD WWTP,2021-03-10,influent,MEFOSE,1.4500000000000002
Carpinteria SD WWTP,2021-03-10,influent,NMEFOSAA,0.55
Carpinteria SD WWTP,2021-03-10,influent,PFBA,6.85
Carpinteria SD WWTP,2021-03-10,influent,PFBS,6.55
Carpinteria SD WWTP,2021-03-10,influent,PFDA,4.15
Carpinteria SD WWTP,2021-03-10,influent,PFDoA,1.25
Carpinteria SD WWTP,2021-03-10,influent,PFDS,1.6
Carpinteria SD WWTP,2021-03-10,influent,PFHpA,4.5
Carpinteria SD WWTP,2021-03-10,influent,PFHxA,17
Carpinteria SD WWTP,2021-03-10,influent,PFHxS,1.9500000000000002
Carpinteria SD WWTP,2021-03-10,influent,PFNA,2.55
Carpinteria SD WWTP,2021-03-10,influent,PFOA,9.5
Carpinteria SD WWTP,2021-03-10,influent,PFOS,4.3
Carpinteria SD WWTP,2021-03-10,influent,PFPA,11
Carpinteria SD WWTP,2021-03-10,influent,PFTA,0.47
Carpinteria SD WWTP,2021-03-10,influent,PFUnA,1.15
Carpinteria SD WWTP,2021-06-09,effluent,8:2FTS,0.52
Carpinteria SD WWTP,2021-06-09,effluent,NMEFOSAA,1.85
Carpinteria SD WWTP,2021-06-09,effluent,PFBA,9
Carpinteria SD WWTP,2021-06-09,effluent,PFBS,3.05
Carpinteria SD WWTP,2021-06-09,effluent,PFDA,2.8
Carpinteria SD WWTP,2021-06-09,effluent,PFHpA,3.15
Carpinteria SD WWTP,2021-06-09,effluent,PFHxA,29
Carpinteria SD WWTP,2021-06-09,effluent,PFHxS,1.95
Carpinteria SD WWTP,2021-06-09,effluent,PFNA,1.3
Carpinteria SD WWTP,2021-06-09,effluent,PFOA,11
Carpinteria SD WWTP,2021-06-09,effluent,PFOS,5.449999999999999
Carpinteria SD WWTP,2021-06-09,effluent,PFPA,23
Carpinteria SD WWTP,2021-06-09,influent,8:2FTS,2.3499999999999996
Carpinteria SD WWTP,2021-06-09,influent,PFBA,7.15
Carpinteria SD WWTP,2021-06-09,influent,PFBS,6.4
Carpinteria SD WWTP,2021-06-09,influent,PFHpA,2.8
Carpinteria SD WWTP,2021-06-09,influent,PFHpS,1.4
Carpinteria SD WWTP,2021-06-09,influent,PFHxA,10
Carpinteria SD WWTP,2021-06-09,influent,PFNA,0.9650000000000001
Carpinteria SD WWTP,2021-06-09,influent,PFOA,5.4
Carpinteria SD WWTP,2021-06-09,influent,PFPA,12
Carpinteria SD WWTP,2021-09-22,effluent,PFBA,9.2
Carpinteria SD WWTP,2021-09-22,effluent,PFBS,11.5
Carpinteria SD WWTP,2021-09-22,effluent,PFDA,2.3
Carpinteria SD WWTP,2021-09-22,effluent,PFHpA,4.35
Carpinteria SD WWTP,2021-09-22,effluent,PFHxA,43.5
Carpinteria SD WWTP,2021-09-22,effluent,PFHxS,1.7
Carpinteria SD WWTP,2021-09-22,effluent,PFOA,16.5
Carpinteria SD WWTP,2021-09-22,effluent,PFOS,4.2
Carpinteria SD WWTP,2021-09-22,effluent,PFPA,53.5
Carpinteria SD WWTP,2021-09-22,influent,ETFOSA,13
Carpinteria SD WWTP,2021-09-22,influent,PFHxA,4.949999999999999
Carpinteria SD WWTP,2021-09-22,influent,PFOA,2.6
Carpinteria SD WWTP,2021-09-22,influent,PFTA,3.5999999999999996
Carpinteria SD WWTP,2021-09-22,influent,PFTrDA,2.2
City of San Clemente WRP,2021-01-30,effluent,6:2FTS,5.54
City of San Clemente WRP,2021-01-30,effluent,PFBA,11.1
City of San Clemente WRP,2021-01-30,effluent,PFBS,9.98
City of San Clemente WRP,2021-01-30,effluent,PFDA,4.27
City of San Clemente WRP,2021-01-30,effluent,PFHpA,10.5
City of San Clemente WRP,2021-01-30,effluent,PFHxA,95.3
City of San Clemente WRP,2021-01-30,effluent,PFNA,3.98
City of San Clemente WRP,2021-01-30,effluent,PFOA,44
City of San Clemente WRP,2021-01-30,effluent,PFOS,10.5
City of San Clemente WRP,2021-01-30,effluent,PFPA,30.9
City of San Clemente WRP,2021-01-30,influent,PFBA,5.74
City of San Clemente WRP,2021-01-30,influent,PFBS,8.94
City of San Clemente WRP,2021-01-30,influent,PFHpA,3.46
City of San Clemente WRP,2021-01-30,influent,PFHxA,14.3
City of San Clemente WRP,2021-01-30,influent,PFOA,11.5
City of San Clemente WRP,2021-01-30,influent,PFOS,5.43
City of San Clemente WRP,2021-01-30,influent,PFPA,7.92
City of San Clemente WRP,2020-11-09,effluent,6:2FTS,3.41
City of San Clemente WRP,2020-11-09,effluent,PFBA,7.97
City of San Clemente WRP,2020-11-09,effluent,PFBS,8.42
City of San Clemente WRP,2020-11-09,effluent,PFDA,3.9
City of San Clemente WRP,2020-11-09,effluent,PFHpA,5.9
City of San Clemente WRP,2020-11-09,effluent,PFHxA,36
City of San Clemente WRP,2020-11-09,effluent,PFNA,3.37
City of San Clemente WRP,2020-11-09,effluent,PFOA,14
City of San Clemente WRP,2020-11-09,effluent,PFOS,7.38
City of San Clemente WRP,2020-11-09,effluent,PFPA,22.1
City of San Clemente WRP,2020-11-09,influent,PFBA,10.25
City of San Clemente WRP,2020-11-09,influent,PFBS,18.35
City of San Clemente WRP,2020-11-09,influent,PFDA,6.07
City of San Clemente WRP,2020-11-09,influent,PFDS,3.34
City of San Clemente WRP,2020-11-09,influent,PFHpA,8.215
City of San Clemente WRP,2020-11-09,influent,PFHxA,33.2
City of San Clemente WRP,2020-11-09,influent,PFHxS,3.335
City of San Clemente WRP,2020-11-09,influent,PFNA,4.045
City of San Clemente WRP,2020-11-09,influent,PFOA,18.75
City of San Clemente WRP,2020-11-09,influent,PFOS,4.79
City of San Clemente WRP,2020-11-09,influent,PFPA,20.95
City of San Clemente WRP,2020-11-09,influent,PFPES,7.199999999999999
City of San Clemente WRP,2021-04-24,effluent,6:2FTS,3.1550000000000002
City of San Clemente WRP,2021-04-24,effluent,PFBA,7.105
City of San Clemente WRP,2021-04-24,effluent,PFBS,8.14
City of San Clemente WRP,2021-04-24,effluent,PFHpA,3.485
City of San Clemente WRP,2021-04-24,effluent,PFHxA,35.35
City of San Clemente WRP,2021-04-24,effluent,PFOA,10.7
City of San Clemente WRP,2021-04-24,effluent,PFOS,4.109999999999999
City of San Clemente WRP,2021-04-24,effluent,PFPA,10.3
City of San Clemente WRP,2021-04-24,influent,PFBA,4.4
City of San Clemente WRP,2021-04-24,influent,PFBS,3.21
City of San Clemente WRP,2021-04-24,influent,PFHpA,2.6
City of San Clemente WRP,2021-04-24,influent,PFHxA,9.8
City of San Clemente WRP,2021-04-24,influent,PFOA,6.23
City of San Clemente WRP,2021-04-24,influent,PFPA,6.18
City of San Clemente WRP,2021-07-22,effluent,PFBA,10
City of San Clemente WRP,2021-07-22,effluent,PFDA,2.09
City of San Clemente WRP,2021-07-22,effluent,PFHpA,4.48
City of San Clemente WRP,2021-07-22,effluent,PFHxA,37.1
City of San Clemente WRP,2021-07-22,effluent,PFOA,15.5
City of San Clemente WRP,2021-07-22,effluent,PFPA,17.2
City of San Clemente WRP,2021-07-22,influent,PFBA,4.15
City of San Clemente WRP,2021-07-22,influent,PFDA,2.53
City of San Clemente WRP,2021-07-22,influent,PFHpA,3.77
City of San Clemente WRP,2021-07-22,influent,PFHxA,13.7
City of San Clemente WRP,2021-07-22,influent,PFOA,7.85
City of San Clemente WRP,2021-07-22,influent,PFPA,7.15
Donald C. Tillman WWRP,2020-10-05,effluent,PFBA,6.41
Donald C. Tillman WWRP,2020-10-05,effluent,PFDA,11.2
Donald C. Tillman WWRP,2020-10-05,effluent,PFHxA,30.7
Donald C. Tillman WWRP,2020-10-05,effluent,PFOA,34.2
Donald C. Tillman WWRP,2020-10-05,effluent,PFPA,6.41
Donald C. Tillman WWRP,2020-10-05,influent,PFBA,5.65
Donald C. Tillman WWRP,2020-10-05,influent,PFHxA,9.54
Donald C. Tillman WWRP,2021-02-02,effluent,FOSA,4.52
Donald C. Tillman WWRP,2021-02-02,effluent,PFBA,8.22
Donald C. Tillman WWRP,2021-02-02,effluent,PFDA,6.85
Donald C. Tillman WWRP,2021-02-02,effluent,PFHxA,32.9
Donald C. Tillman WWRP,2021-02-02,effluent,PFOA,28.8
Donald C. Tillman WWRP,2021-02-02,influent,PFBA,5.05
Donald C. Tillman WWRP,2021-02-02,influent,PFHxA,6.31
Donald C. Tillman WWRP,2021-02-02,influent,PFOS,11.9
Donald C. Tillman WWRP,2021-02-02,influent,PFPES,17.1
Donald C. Tillman WWRP,2021-04-04,effluent,FOSA,4.8
Donald C. Tillman WWRP,2021-04-04,effluent,PFBA,7.09
Donald C. Tillman WWRP,2021-04-04,effluent,PFBS,4.82
Donald C. Tillman WWRP,2021-04-04,effluent,PFHxA,22
Donald C. Tillman WWRP,2021-04-04,effluent,PFOA,15.5
Donald C. Tillman WWRP,2021-04-04,effluent,PFPA,4.81
Donald C. Tillman WWRP,2021-04-04,influent,PFBA,5.48
Donald C. Tillman WWRP,2021-04-04,influent,PFBS,5.39
Donald C. Tillman WWRP,2021-04-04,influent,PFHxA,10
Donald C. Tillman WWRP,2021-04-04,influent,PFOA,5.8
Donald C. Tillman WWRP,2021-07-07,effluent,FOSA,17.6
Donald C. Tillman WWRP,2021-07-07,effluent,PFHxA,20.2
Donald C. Tillman WWRP,2021-07-07,effluent,PFOA,9.81
El Estero Water Resource Center NPDES,2020-11-17,effluent,PFHxA,25
El Estero Water Resource Center NPDES,2020-11-17,effluent,PFPA,20
El Estero Water Resource Center NPDES,2020-11-17,influent,PFHxA,30
El Estero Water Resource Center NPDES,2020-11-17,influent,PFPA,78.5
El Estero Water Resource Center NPDES,2021-02-17,effluent,PFBA,6.2
El Estero Water Resource Center NPDES,2021-02-17,effluent,PFBS,2.9
El Estero Water Resource Center NPDES,2021-02-17,effluent,PFHpA,3.6
El Estero Water Resource Center NPDES,2021-02-17,effluent,PFHxA,43
El Estero Water Resource Center NPDES,2021-02-17,effluent,PFHxS,5.966666666666667
El Estero Water Resource Center NPDES,2021-02-17,effluent,PFOA,9.066666666666666
El Estero Water Resource Center NPDES,2021-02-17,effluent,PFOS,4.633333333333334
El Estero Water Resource Center NPDES,2021-02-17,effluent,PFPA,39.666666666666664
El Estero Water Resource Center NPDES,2021-02-17,influent,PFHxA,25
El Estero Water Resource Center NPDES,2021-02-17,influent,PFHxS,27
El Estero Water Resource Center NPDES,2021-02-17,influent,PFOS,39
El Estero Water Resource Center NPDES,2021-02-17,influent,PFPA,25
El Estero Water Resource Center NPDES,2021-05-05,effluent,PFBA,8.8
El Estero Water Resource Center NPDES,2021-05-05,effluent,PFBS,4
El Estero Water Resource Center NPDES,2021-05-05,effluent,PFDA,2.2333333333333334
El Estero Water Resource Center NPDES,2021-05-05,effluent,PFHpA,4.575
El Estero Water Resource Center NPDES,2021-05-05,effluent,PFHxA,31.75
El Estero Water Resource Center NPDES,2021-05-05,effluent,PFHxS,6.675
El Estero Water Resource Center NPDES,2021-05-05,effluent,PFNA,2.4
El Estero Water Resource Center NPDES,2021-05-05,effluent,PFOA,15.25
El Estero Water Resource Center NPDES,2021-05-05,effluent,PFOS,5.75
El Estero Water Resource Center NPDES,2021-05-05,effluent,PFPA,33.5
El Estero Water Resource Center NPDES,2021-05-05,influent,8:2FTS,4.1
El Estero Water Resource Center NPDES,2021-05-05,influent,MEFOSE,5
El Estero Water Resource Center NPDES,2021-05-05,influent,NETFOSAA,4
El Estero Water Resource Center NPDES,2021-05-05,influent,PFBA,10.98
El Estero Water Resource Center NPDES,2021-05-05,influent,PFBS,4.199999999999999
El Estero Water Resource Center NPDES,2021-05-05,influent,PFDA,2.3
El Estero Water Resource Center NPDES,2021-05-05,influent,PFDS,3.1
El Estero Water Resource Center NPDES,2021-05-05,influent,PFHpA,4.25
El Estero Water Resource Center NPDES,2021-05-05,influent,PFHxA,13.566666666666666
El Estero Water Resource Center NPDES,2021-05-05,influent,PFHxS,7.5
El Estero Water Resource Center NPDES,2021-05-05,influent,PFNA,3.45
El Estero Water Resource Center NPDES,2021-05-05,influent,PFOA,6.766666666666667
El Estero Water Resource Center NPDES,2021-05-05,influent,PFOS,8
El Estero Water Resource Center NPDES,2021-05-05,influent,PFPA,11.633333333333333
El Estero Water Resource Center NPDES,2021-05-05,influent,PFPES,2.05
El Estero Water Resource Center NPDES,2021-09-22,effluent,ETFOSA,23
El Estero Water Resource Center NPDES,2021-09-22,effluent,PFBA,7.825
El Estero Water Resource Center NPDES,2021-09-22,effluent,PFBS,3.2249999999999996
El Estero Water Resource Center NPDES,2021-09-22,effluent,PFDA,1.8
El Estero Water Resource Center NPDES,2021-09-22,effluent,PFHpA,3.45
El Estero Water Resource Center NPDES,2021-09-22,effluent,PFHxA,29.75
El Estero Water Resource Center NPDES,2021-09-22,effluent,PFHxS,3
El Estero Water Resource Center NPDES,2021-09-22,effluent,PFOA,8
El Estero Water Resource Center NPDES,2021-09-22,effluent,PFOS,4.075
El Estero Water Resource Center NPDES,2021-09-22,effluent,PFPA,44
El Estero Water Resource Center NPDES,2021-09-22,influent,MEFOSE,5.35
El Estero Water Resource Center NPDES,2021-09-22,influent,NETFOSAA,3.9499999999999997
El Estero Water Resource Center NPDES,2021-09-22,influent,NMEFOSAA,3.4000000000000004
El Estero Water Resource Center NPDES,2021-09-22,influent,PFBA,7.319999999999999
El Estero Water Resource Center NPDES,2021-09-22,influent,PFBS,2.86
El Estero Water Resource Center NPDES,2021-09-22,influent,PFDA,3.1
El Estero Water Resource Center NPDES,2021-09-22,influent,PFDS,3.216666666666667
El Estero Water Resource Center NPDES,2021-09-22,influent,PFHpA,2.3
El Estero Water Resource Center NPDES,2021-09-22,influent,PFHxA,9.35
El Estero Water Resource Center NPDES,2021-09-22,influent,PFHxS,10.24
El Estero Water Resource Center NPDES,2021-09-22,influent,PFOA,6.1
El Estero Water Resource Center NPDES,2021-09-22,influent,PFOS,11.1
El Estero Water Resource Center NPDES,2021-09-22,influent,PFPA,6.2
Encina Wastewater Authority,2020-12-29,effluent,6:2FTS,8.7
Encina Wastewater Authority,2020-12-29,effluent,PFBA,17
Encina Wastewater Authority,2020-12-29,effluent,PFBS,4.1
Encina Wastewater Authority,2020-12-29,effluent,PFDA,1
Encina Wastewater Authority,2020-12-29,effluent,PFHpA,8.3
Encina Wastewater Authority,2020-12-29,effluent,PFHxA,20
Encina Wastewater Authority,2020-12-29,effluent,PFHxS,2.2
Encina Wastewater Authority,2020-12-29,effluent,PFNA,1.3
Encina Wastewater Authority,2020-12-29,effluent,PFOA,9.1
Encina Wastewater Authority,2020-12-29,effluent,PFOS,3.3
Encina Wastewater Authority,2020-12-29,effluent,PFPA,18
Encina Wastewater Authority,2020-12-29,influent,6:2FTS,1.1
Encina Wastewater Authority,2020-12-29,influent,PFBA,19
Encina Wastewater Authority,2020-12-29,influent,PFBS,9.8
Encina Wastewater Authority,2020-12-29,influent,PFDA,2
Encina Wastewater Authority,2020-12-29,influent,PFHpA,8.9
Encina Wastewater Authority,2020-12-29,influent,PFHxA,22
Encina Wastewater Authority,2020-12-29,influent,PFHxS,4.7
Encina Wastewater Authority,2020-12-29,influent,PFNA,2.3
Encina Wastewater Authority,2020-12-29,influent,PFOA,12
Encina Wastewater Authority,2020-12-29,influent,PFOS,5.2
Encina Wastewater Authority,2020-12-29,influent,PFPA,26
Encina Wastewater Authority,2021-02-09,effluent,6:2FTS,1.4
Encina Wastewater Authority,2021-02-09,effluent,NMEFOSAA,2.8
Encina Wastewater Authority,2021-02-09,effluent,PFBA,15
Encina Wastewater Authority,2021-02-09,effluent,PFBS,4.4
Encina Wastewater Authority,2021-02-09,effluent,PFHxA,16
Encina Wastewater Authority,2021-02-09,effluent,PFHxS,2.9
Encina Wastewater Authority,2021-02-09,effluent,PFOA,12
Encina Wastewater Authority,2021-02-09,effluent,PFOS,5
Encina Wastewater Authority,2021-02-09,effluent,PFPA,6.3
Encina Wastewater Authority,2021-02-09,influent,MEFOSE,3.5
Encina Wastewater Authority,2021-02-09,influent,PFBA,13
Encina Wastewater Authority,2021-02-09,influent,PFBS,5.4
Encina Wastewater Authority,2021-02-09,influent,PFHxA,11
Encina Wastewater Authority,2021-02-09,influent,PFHxS,5.7
Encina Wastewater Authority,2021-02-09,influent,PFNS,2
Encina Wastewater Authority,2021-02-09,influent,PFOA,6.6
Encina Wastewater Authority,2021-02-09,influent,PFOS,4.1
Encina Wastewater Authority,2021-02-09,influent,PFPA,6.9
Encina Wastewater Authority,2021-05-04,effluent,PFBA,14
Encina Wastewater Authority,2021-05-04,effluent,PFBS,2.9
Encina Wastewater Authority,2021-05-04,effluent,PFHxA,18
Encina Wastewater Authority,2021-05-04,effluent,PFHxS,3
Encina Wastewater Authority,2021-05-04,effluent,PFOA,8.5
Encina Wastewater Authority,2021-05-04,effluent,PFOS,4.1
Encina Wastewater Authority,2021-05-04,effluent,PFPA,6.6
Encina Wastewater Authority,2021-05-04,influent,PFBS,3.3
Encina Wastewater Authority,2021-05-04,influent,PFHxA,8.3
Encina Wastewater Authority,2021-05-04,influent,PFHxS,3.3
Encina Wastewater Authority,2021-05-04,influent,PFOA,5.7
Encina Wastewater Authority,2021-05-04,influent,PFOS,2.4
Encina Wastewater Authority,2021-05-04,influent,PFPA,7.1
Encina Wastewater Authority,2021-07-26,effluent,6:2FTS,0.65
Encina Wastewater Authority,2021-07-26,effluent,NMEFOSAA,1.3
Encina Wastewater Authority,2021-07-26,effluent,PFBA,18
Encina Wastewater Authority,2021-07-26,effluent,PFBS,2.3
Encina Wastewater Authority,2021-07-26,effluent,PFDA,1
Encina Wastewater Authority,2021-07-26,effluent,PFHpA,3.9
Encina Wastewater Authority,2021-07-26,effluent,PFHxA,13
Encina Wastewater Authority,2021-07-26,effluent,PFHxS,1.7
Encina Wastewater Authority,2021-07-26,effluent,PFNA,1.1
Encina Wastewater Authority,2021-07-26,effluent,PFOA,6.2
Encina Wastewater Authority,2021-07-26,effluent,PFOS,3.8
Encina Wastewater Authority,2021-07-26,effluent,PFPA,9.4
Encina Wastewater Authority,2021-07-26,influent,8:2FTS,0.45
Encina Wastewater Authority,2021-07-26,influent,MEFOSE,0.89
Encina Wastewater Authority,2021-07-26,influent,NETFOSAA,0.66
Encina Wastewater Authority,2021-07-26,influent,NMEFOSAA,0.84
Encina Wastewater Authority,2021-07-26,influent,PFBA,30
Encina Wastewater Authority,2021-07-26,influent,PFBS,3.3
Encina Wastewater Authority,2021-07-26,influent,PFDA,1.9
Encina Wastewater Authority,2021-07-26,influent,PFDoA,0.85
Encina Wastewater Authority,2021-07-26,influent,PFDS,0.87
Encina Wastewater Authority,2021-07-26,influent,PFHpA,4
Encina Wastewater Authority,2021-07-26,influent,PFHxA,12
Encina Wastewater Authority,2021-07-26,influent,PFHxS,3.2
Encina Wastewater Authority,2021-07-26,influent,PFNA,2.1
Encina Wastewater Authority,2021-07-26,influent,PFNS,0.44
Encina Wastewater Authority,2021-07-26,influent,PFOA,7.5
Encina Wastewater Authority,2021-07-26,influent,PFOS,4.9
Encina Wastewater Authority,2021-07-26,influent,PFPA,13
Encina Wastewater Authority,2021-07-26,influent,PFPES,0.78
Encina Wastewater Authority,2021-07-26,influent,PFTrDA,0.4
Encina Wastewater Authority,2021-07-26,influent,PFUnA,0.68
Goleta SD WWTP,2021-04-21,influent,PFPA,110
Goleta SD WWTP,2021-08-18,influent,PFPA,170
Hyperion WWTP,2020-10-05,effluent,6:2FTS,83.2
Hyperion WWTP,2020-10-05,effluent,FOSA,19.4
Hyperion WWTP,2020-10-05,effluent,PFBA,6.19
Hyperion WWTP,2020-10-05,effluent,PFBS,21.5
Hyperion WWTP,2020-10-05,effluent,PFHxA,13
Hyperion WWTP,2020-10-05,effluent,PFOA,8.54
Hyperion WWTP,2020-10-05,effluent,PFOS,8.49
Hyperion WWTP,2020-10-05,effluent,PFPA,6.16
Hyperion WWTP,2020-10-05,influent,6:2FTS,327.91
Hyperion WWTP,2020-10-05,influent,MEFOSE,29.5
Hyperion WWTP,2020-10-05,influent,PFBA,5.52
Hyperion WWTP,2020-10-05,influent,PFBS,92.8
Hyperion WWTP,2020-10-05,influent,PFHxA,6.728
Hyperion WWTP,2020-10-05,influent,PFOA,6.03
Hyperion WWTP,2020-10-05,influent,PFOS,38.763333333333335
Hyperion WWTP,2020-10-05,influent,PFPA,5.59
Hyperion WWTP,2021-02-02,effluent,6:2FTS,5.69
Hyperion WWTP,2021-02-02,effluent,FOSA,17.1
Hyperion WWTP,2021-02-02,effluent,PFBA,7.6
Hyperion WWTP,2021-02-02,effluent,PFBS,15.8
Hyperion WWTP,2021-02-02,effluent,PFHxA,16.1
Hyperion WWTP,2021-02-02,effluent,PFOA,6.37
Hyperion WWTP,2021-02-02,effluent,PFOS,9.05
Hyperion WWTP,2021-02-02,effluent,PFPA,11.4
Hyperion WWTP,2021-02-02,influent,6:2FTS,24.2
Hyperion WWTP,2021-02-02,influent,MEFOSE,30.2
Hyperion WWTP,2021-02-02,influent,PFBA,6.58
Hyperion WWTP,2021-02-02,influent,PFBS,18.45
Hyperion WWTP,2021-02-02,influent,PFHxA,9.244
Hyperion WWTP,2021-02-02,influent,PFHxS,4.96
Hyperion WWTP,2021-02-02,influent,PFOA,5.425000000000001
Hyperion WWTP,2021-02-02,influent,PFOS,14.106
Hyperion WWTP,2021-02-02,influent,PFPA,6.696666666666666
Hyperion WWTP,2021-04-04,effluent,FOSA,37.6
Hyperion WWTP,2021-04-04,effluent,PFBA,5.16
Hyperion WWTP,2021-04-04,effluent,PFBS,11.4
Hyperion WWTP,2021-04-04,effluent,PFHxA,10.6
Hyperion WWTP,2021-04-04,effluent,PFOA,6.12
Hyperion WWTP,2021-04-04,effluent,PFOS,5.59
Hyperion WWTP,2021-04-04,effluent,PFPA,5.08
Hyperion WWTP,2021-04-04,influent,PFBA,5.15
Hyperion WWTP,2021-04-04,influent,PFBS,8.37
Hyperion WWTP,2021-04-04,influent,PFHxA,5.3325
Hyperion WWTP,2021-04-04,influent,PFOS,6.406666666666666
Hyperion WWTP,2021-04-04,influent,PFPA,4.775
Hyperion WWTP,2021-09-12,influent,6:2FTS,4.66
Hyperion WWTP,2021-09-12,influent,PFBA,6.23
Hyperion WWTP,2021-09-12,influent,PFBS,19.2
Hyperion WWTP,2021-09-12,influent,PFHxA,6.2124999999999995
Hyperion WWTP,2021-09-12,influent,PFHxS,4.36
Hyperion WWTP,2021-09-12,influent,PFOA,4.705
Hyperion WWTP,2021-09-12,influent,PFOS,20.526666666666667
Hyperion WWTP,2021-09-12,influent,PFPA,4.743333333333333
Lompoc City WRP,2021-03-09,effluent,NMEFOSAA,1
Lompoc City WRP,2021-03-09,effluent,PFBS,9.7
Lompoc City WRP,2021-03-09,effluent,PFDA,1.1
Lompoc City WRP,2021-03-09,effluent,PFHxA,42
Lompoc City WRP,2021-03-09,effluent,PFHxS,17
Lompoc City WRP,2021-03-09,effluent,PFOA,9
Lompoc City WRP,2021-03-09,effluent,PFOS,5.4
Lompoc City WRP,2021-03-09,effluent,PFPES,3.7
Lompoc City WRP,2021-03-09,influent,PFHxS,8.8
Lompoc City WRP,2021-03-09,influent,PFPES,2
Lompoc City WRP,2021-06-17,effluent,PFBA,240
Lompoc City WRP,2021-06-17,effluent,PFBS,12
Lompoc City WRP,2021-06-17,effluent,PFHxA,45
Lompoc City WRP,2021-06-17,effluent,PFHxS,14
Lompoc City WRP,2021-06-17,effluent,PFOA,11
Lompoc City WRP,2021-06-17,effluent,PFOS,2.2
Lompoc City WRP,2021-06-17,effluent,PFPA,39
Lompoc City WRP,2021-06-17,effluent,PFPES,4.2
Lompoc City WRP,2021-06-17,influent,PFBA,130
Los Angeles-Glendale WWRP,2020-10-05,effluent,FOSA,5.2
Los Angeles-Glendale WWRP,2020-10-05,effluent,PFBA,9.05
Los Angeles-Glendale WWRP,2020-10-05,effluent,PFHxA,21.5
Los Angeles-Glendale WWRP,2020-10-05,effluent,PFOA,4.98
Los Angeles-Glendale WWRP,2020-10-05,effluent,PFPA,20.2
Los Angeles-Glendale WWRP,2020-10-05,influent,PFBA,8.64
Los Angeles-Glendale WWRP,2020-10-05,influent,PFHxA,7.92
Los Angeles-Glendale WWRP,2020-10-05,influent,PFPA,4.75
Los Angeles-Glendale WWRP,2021-02-02,effluent,PFBA,10.2
Los Angeles-Glendale WWRP,2021-02-02,effluent,PFHxA,19.3
Los Angeles-Glendale WWRP,2021-02-02,effluent,PFOA,6.94
Los Angeles-Glendale WWRP,2021-02-02,effluent,PFPA,17.5
Los Angeles-Glendale WWRP,2021-02-02,influent,6:2FTS,13.3
Los Angeles-Glendale WWRP,2021-02-02,influent,ADONA,11.2
Los Angeles-Glendale WWRP,2021-02-02,influent,PFBA,10.2
Los Angeles-Glendale WWRP,2021-02-02,influent,PFHxA,8.59
Los Angeles-Glendale WWRP,2021-02-02,influent,PFOS,5.22
Los Angeles-Glendale WWRP,2021-02-02,influent,PFPA,5.6
Los Angeles-Glendale WWRP,2021-04-04,effluent,FOSA,5.44
Los Angeles-Glendale WWRP,2021-04-04,effluent,PFBA,8.05
Los Angeles-Glendale WWRP,2021-04-04,effluent,PFHxA,17
Los Angeles-Glendale WWRP,2021-04-04,effluent,PFOA,5.21
Los Angeles-Glendale WWRP,2021-04-04,effluent,PFPA,17.2
Los Angeles-Glendale WWRP,2021-04-04,influent,PFBA,5.66
Los Angeles-Glendale WWRP,2021-04-04,influent,PFHxA,5.29
Los Angeles-Glendale WWRP,2021-07-07,effluent,6:2FTS,6.3
Los Angeles-Glendale WWRP,2021-07-07,effluent,FOSA,8.83
Los Angeles-Glendale WWRP,2021-07-07,effluent,PFBA,11.2
Los Angeles-Glendale WWRP,2021-07-07,effluent,PFHxA,17
Los Angeles-Glendale WWRP,2021-07-07,effluent,PFOA,6.62
Los Angeles-Glendale WWRP,2021-07-07,effluent,PFPA,16.1
Los Angeles-Glendale WWRP,2021-07-07,influent,PFBA,10.6
Los Angeles-Glendale WWRP,2021-07-07,influent,PFHxA,8.13
Los Angeles-Glendale WWRP,2021-07-07,influent,PFPA,187
Margaret H. Chandler WWRF,2021-10-06,effluent,PFHxA,43
Margaret H. Chandler WWRF,2021-03-29,effluent,5:3FTCA,4.4
Margaret H. Chandler WWRF,2021-03-29,effluent,6:2FTS,2.7
Margaret H. Chandler WWRF,2021-03-29,effluent,PFBA,8.6
Margaret H. Chandler WWRF,2021-03-29,effluent,PFHxA,44
Margaret H. Chandler WWRF,2021-03-29,effluent,PFHxS,8
Margaret H. Chandler WWRF,2021-03-29,effluent,PFOA,4.8
Margaret H. Chandler WWRF,2021-03-29,effluent,PFOS,8.5
Margaret H. Chandler WWRF,2021-03-29,effluent,PFPA,14
Margaret H. Chandler WWRF,2021-03-29,influent,6:2FTS,16
Margaret H. Chandler WWRF,2021-03-29,influent,PFBA,32
Margaret H. Chandler WWRF,2021-03-29,influent,PFDS,28
Margaret H. Chandler WWRF,2021-03-29,influent,PFOS,30
Margaret H. Chandler WWRF,2021-03-29,influent,PFPA,24
Margaret H. Chandler WWRF,2021-05-05,effluent,PFBA,6.9
Margaret H. Chandler WWRF,2021-05-05,effluent,PFHxA,25
Margaret H. Chandler WWRF,2021-05-05,effluent,PFOS,8.7
Margaret H. Chandler WWRF,2021-05-05,effluent,PFPA,13
Margaret H. Chandler WWRF,2021-05-05,influent,PFPA,37
Margaret H. Chandler WWRF,2021-07-07,effluent,6:2FTS,13
Margaret H. Chandler WWRF,2021-07-07,effluent,PFBA,4.3
Margaret H. Chandler WWRF,2021-07-07,effluent,PFHxA,34
Margaret H. Chandler WWRF,2021-07-07,effluent,PFHxS,6.9
Margaret H. Chandler WWRF,2021-07-07,effluent,PFOA,4.7
Margaret H. Chandler WWRF,2021-07-07,effluent,PFOS,28
Margaret H. Chandler WWRF,2021-07-07,effluent,PFPA,14
Margaret H. Chandler WWRF,2021-07-07,influent,PFBA,31
Margaret H. Chandler WWRF,2021-07-07,influent,PFPA,28
Michelson WWRF,2020-11-12,effluent,PFBA,6.95
Michelson WWRF,2020-11-12,effluent,PFBS,2.3
Michelson WWRF,2020-11-12,effluent,PFDA,2.4
Michelson WWRF,2020-11-12,effluent,PFHpA,2.7
Michelson WWRF,2020-11-12,effluent,PFHxA,32
Michelson WWRF,2020-11-12,effluent,PFHxS,1.7000000000000002
Michelson WWRF,2020-11-12,effluent,PFNA,1.0350000000000001
Michelson WWRF,2020-11-12,effluent,PFOA,14.5
Michelson WWRF,2020-11-12,effluent,PFOS,2.3
Michelson WWRF,2020-11-12,effluent,PFPA,50
Michelson WWRF,2020-11-12,influent,PFBA,5.175
Michelson WWRF,2020-11-12,influent,PFBS,2.5
Michelson WWRF,2020-11-12,influent,PFDA,0.735
Michelson WWRF,2020-11-12,influent,PFDS,0.73
Michelson WWRF,2020-11-12,influent,PFHpA,1.875
Michelson WWRF,2020-11-12,influent,PFHxA,7.8500000000000005
Michelson WWRF,2020-11-12,influent,PFHxS,2.5
Michelson WWRF,2020-11-12,influent,PFNA,0.8
Michelson WWRF,2020-11-12,influent,PFOA,5.05
Michelson WWRF,2020-11-12,influent,PFOS,4.425
Michelson WWRF,2020-11-12,influent,PFPA,7.275
Michelson WWRF,2021-02-03,effluent,PFBA,9.3
Michelson WWRF,2021-02-03,effluent,PFBS,5.85
Michelson WWRF,2021-02-03,effluent,PFDA,2.95
Michelson WWRF,2021-02-03,effluent,PFHpA,2.95
Michelson WWRF,2021-02-03,effluent,PFHxA,37.5
Michelson WWRF,2021-02-03,effluent,PFHxS,2.3
Michelson WWRF,2021-02-03,effluent,PFNA,0.975
Michelson WWRF,2021-02-03,effluent,PFOA,16
Michelson WWRF,2021-02-03,effluent,PFOS,3.3
Michelson WWRF,2021-02-03,effluent,PFPA,50
Michelson WWRF,2021-02-03,influent,MEFOSE,3.45
Michelson WWRF,2021-02-03,influent,PFBA,4.65
Michelson WWRF,2021-02-03,influent,PFBS,3.4000000000000004
Michelson WWRF,2021-02-03,influent,PFDA,1.1
Michelson WWRF,2021-02-03,influent,PFHpA,3.3499999999999996
Michelson WWRF,2021-02-03,influent,PFHxA,8.600000000000001
Michelson WWRF,2021-02-03,influent,PFHxS,2.1
Michelson WWRF,2021-02-03,influent,PFNA,0.8300000000000001
Michelson WWRF,2021-02-03,influent,PFOA,6.3
Michelson WWRF,2021-02-03,influent,PFOS,3.95
Michelson WWRF,2021-02-03,influent,PFPA,6.949999999999999
Michelson WWRF,2021-04-30,effluent,NMEFOSAA,0.6033333333333334
Michelson WWRF,2021-04-30,effluent,PFBA,5.925
Michelson WWRF,2021-04-30,effluent,PFBS,2.375
Michelson WWRF,2021-04-30,effluent,PFDA,3.1
Michelson WWRF,2021-04-30,effluent,PFHpA,2.075
Michelson WWRF,2021-04-30,effluent,PFHxA,35.5
Michelson WWRF,2021-04-30,effluent,PFHxS,1.375
Michelson WWRF,2021-04-30,effluent,PFNA,0.8049999999999999
Michelson WWRF,2021-04-30,effluent,PFOA,13.75
Michelson WWRF,2021-04-30,effluent,PFOS,2.275
Michelson WWRF,2021-04-30,effluent,PFPA,36.5
Michelson WWRF,2021-04-30,influent,MEFOSE,1.3
Michelson WWRF,2021-04-30,influent,PFBA,3.05
Michelson WWRF,2021-04-30,influent,PFBS,1.2000000000000002
Michelson WWRF,2021-04-30,influent,PFDA,0.6799999999999999
Michelson WWRF,2021-04-30,influent,PFDS,0.91
Michelson WWRF,2021-04-30,influent,PFHpA,1.9500000000000002
Michelson WWRF,2021-04-30,influent,PFHxA,6.550000000000001
Michelson WWRF,2021-04-30,influent,PFHxS,1.75
Michelson WWRF,2021-04-30,influent,PFNA,0.625
Michelson WWRF,2021-04-30,influent,PFOA,3.7
Michelson WWRF,2021-04-30,influent,PFOS,2.55
Michelson WWRF,2021-04-30,influent,PFPA,4.7
Michelson WWRF,2021-04-30,influent,PFPES,0.81
Michelson WWRF,2021-07-22,effluent,PFBA,6.45
Michelson WWRF,2021-07-22,effluent,PFBS,3.3
Michelson WWRF,2021-07-22,effluent,PFDA,2.5999999999999996
Michelson WWRF,2021-07-22,effluent,PFHpA,2.6
Michelson WWRF,2021-07-22,effluent,PFHxA,36.5
Michelson WWRF,2021-07-22,effluent,PFOA,17
Michelson WWRF,2021-07-22,effluent,PFOS,2.1500000000000004
Michelson WWRF,2021-07-22,effluent,PFPA,66.5
Michelson WWRF,2021-07-22,influent,PFBS,1.8
Michelson WWRF,2021-07-22,influent,PFHpA,2.4749999999999996
Michelson WWRF,2021-07-22,influent,PFHxA,7.65
Michelson WWRF,2021-07-22,influent,PFOA,4.625
Michelson WWRF,2021-07-22,influent,PFOS,5.1
Michelson WWRF,2021-07-22,influent,PFPA,7.475
Ojai Valley WWTP,2020-11-18,effluent,PFBA,4.8
Ojai Valley WWTP,2020-11-18,effluent,PFBS,9.4
Ojai Valley WWTP,2020-11-18,effluent,PFDA,1
Ojai Valley WWTP,2020-11-18,effluent,PFHpA,2.9
Ojai Valley WWTP,2020-11-18,effluent,PFHxA,27
Ojai Valley WWTP,2020-11-18,effluent,PFHxS,0.83
Ojai Valley WWTP,2020-11-18,effluent,PFNA,0.75
Ojai Valley WWTP,2020-11-18,effluent,PFOA,18
Ojai Valley WWTP,2020-11-18,effluent,PFOS,1.4
Ojai Valley WWTP,2020-11-18,effluent,PFPA,65
Ojai Valley WWTP,2020-11-18,influent,GenX,0.51
Ojai Valley WWTP,2020-11-18,influent,MEFOSE,3.1
Ojai Valley WWTP,2020-11-18,influent,NMEFOSAA,0.54
Ojai Valley WWTP,2020-11-18,influent,PFBA,3.4
Ojai Valley WWTP,2020-11-18,influent,PFDA,1
Ojai Valley WWTP,2020-11-18,influent,PFHpA,1.1
Ojai Valley WWTP,2020-11-18,influent,PFHxA,6.8
Ojai Valley WWTP,2020-11-18,influent,PFNA,0.69
Ojai Valley WWTP,2020-11-18,influent,PFOA,3.2
Ojai Valley WWTP,2020-11-18,influent,PFOS,2.7
Ojai Valley WWTP,2020-11-18,influent,PFPA,6.7
Ojai Valley WWTP,2020-11-18,influent,PFPES,0.5
Ojai Valley WWTP,2021-03-16,effluent,ETFOSE,0.91
Ojai Valley WWTP,2021-03-16,effluent,FOSA,0.65
Ojai Valley WWTP,2021-03-16,effluent,NMEFOSAA,0.49
Ojai Valley WWTP,2021-03-16,effluent,PFBA,4.65
Ojai Valley WWTP,2021-03-16,effluent,PFBS,7.9
Ojai Valley WWTP,2021-03-16,effluent,PFDA,1.1
Ojai Valley WWTP,2021-03-16,effluent,PFHpA,2.5
Ojai Valley WWTP,2021-03-16,effluent,PFHxA,22
Ojai Valley WWTP,2021-03-16,effluent,PFHxS,1.1
Ojai Valley WWTP,2021-03-16,effluent,PFNA,0.6699999999999999
Ojai Valley WWTP,2021-03-16,effluent,PFOA,20.5
Ojai Valley WWTP,2021-03-16,effluent,PFOS,1.85
Ojai Valley WWTP,2021-03-16,effluent,PFPA,46.5
Ojai Valley WWTP,2021-03-16,influent,MEFOSE,1.9000000000000001
Ojai Valley WWTP,2021-03-16,influent,NETFOSAA,0.57
Ojai Valley WWTP,2021-03-16,influent,PFBA,3.5999999999999996
Ojai Valley WWTP,2021-03-16,influent,PFBS,1.4500000000000002
Ojai Valley WWTP,2021-03-16,influent,PFDA,1.6
Ojai Valley WWTP,2021-03-16,influent,PFDoA,0.49
Ojai Valley WWTP,2021-03-16,influent,PFDS,1.5
Ojai Valley WWTP,2021-03-16,influent,PFHpA,1.5
Ojai Valley WWTP,2021-03-16,influent,PFHxA,8.15
Ojai Valley WWTP,2021-03-16,influent,PFHxS,1.2
Ojai Valley WWTP,2021-03-16,influent,PFNA,0.815
Ojai Valley WWTP,2021-03-16,influent,PFOA,5.1
Ojai Valley WWTP,2021-03-16,influent,PFOS,2.75
Ojai Valley WWTP,2021-03-16,influent,PFPA,5.2
Ojai Valley WWTP,2021-06-22,effluent,FOSA,0.86
Ojai Valley WWTP,2021-06-22,effluent,NMEFOSAA,0.54
Ojai Valley WWTP,2021-06-22,effluent,PFBA,4.6
Ojai Valley WWTP,2021-06-22,effluent,PFBS,11
Ojai Valley WWTP,2021-06-22,effluent,PFDA,1.0150000000000001
Ojai Valley WWTP,2021-06-22,effluent,PFHpA,4.5
Ojai Valley WWTP,2021-06-22,effluent,PFHxA,25
Ojai Valley WWTP,2021-06-22,effluent,PFHxS,0.74
Ojai Valley WWTP,2021-06-22,effluent,PFNA,0.8049999999999999
Ojai Valley WWTP,2021-06-22,effluent,PFOA,28.5
Ojai Valley WWTP,2021-06-22,effluent,PFOS,2.3
Ojai Valley WWTP,2021-06-22,effluent,PFPA,67
Ojai Valley WWTP,2021-06-22,influent,4:2FTS,0.92
Ojai Valley WWTP,2021-06-22,influent,8:2FTS,0.96
Ojai Valley WWTP,2021-06-22,influent,MEFOSE,2.25
Ojai Valley WWTP,2021-06-22,influent,NETFOSAA,0.52
Ojai Valley WWTP,2021-06-22,influent,NMEFOSAA,0.53
Ojai Valley WWTP,2021-06-22,influent,PFBA,2.2
Ojai Valley WWTP,2021-06-22,influent,PFBS,3.4000000000000004
Ojai Valley WWTP,2021-06-22,influent,PFDA,0.9199999999999999
Ojai Valley WWTP,2021-06-22,influent,PFDS,2.5
Ojai Valley WWTP,2021-06-22,influent,PFHpA,1.2999999999999998
Ojai Valley WWTP,2021-06-22,influent,PFHxA,4.9
Ojai Valley WWTP,2021-06-22,influent,PFNA,0.62
Ojai Valley WWTP,2021-06-22,influent,PFOA,3.5
Ojai Valley WWTP,2021-06-22,influent,PFOS,1.95
Ojai Valley WWTP,2021-06-22,influent,PFPA,2.3
Oxnard WWTP,2021-01-21,effluent,PFBS,260
Oxnard WWTP,2021-01-21,effluent,PFHxDA,26
Oxnard WWTP,2021-01-21,effluent,PFOA,33
Oxnard WWTP,2021-01-21,effluent,PFPA,6
Oxnard WWTP,2021-01-21,influent,PFBS,110
Oxnard WWTP,2021-01-21,influent,PFHxDA,12
Oxnard WWTP,2021-01-21,influent,PFOA,17
Oxnard WWTP,2021-01-21,influent,PFPA,170
Oxnard WWTP,2021-04-21,influent,PFPA,61
Oxnard WWTP,2021-07-13,effluent,PFBA,19
Oxnard WWTP,2021-07-13,effluent,PFHxDA,16
Oxnard WWTP,2021-07-13,effluent,PFOA,21
Oxnard WWTP,2021-07-13,effluent,PFPA,6.4
Oxnard WWTP,2021-07-13,influent,PFDS,57
Oxnard WWTP,2021-07-13,influent,PFHpA,7.9
Oxnard WWTP,2021-07-13,influent,PFHxDA,11
Oxnard WWTP,2021-07-13,influent,PFOA,6.1
Oxnard WWTP,2021-07-13,influent,PFPA,210
Palm Springs WWTF,2020-12-17,effluent,PFHxA,11.9
Palm Springs WWTF,2020-12-17,effluent,PFPA,13.9
Palm Springs WWTF,2021-03-17,effluent,PFHxA,14.4
Palm Springs WWTF,2021-03-17,effluent,PFOA,4.88
Palm Springs WWTF,2021-03-17,effluent,PFPA,12.5
Palm Springs WWTF,2021-03-17,influent,NETFOSAA,25.6
Palm Springs WWTF,2021-03-17,influent,PFHxA,6.18
Palm Springs WWTF,2021-03-17,influent,PFPES,98.5
Palm Springs WWTF,2021-06-10,effluent,FOSA,6.38
Palm Springs WWTF,2021-06-10,effluent,PFBA,6.5
Palm Springs WWTF,2021-06-10,effluent,PFBS,6.86
Palm Springs WWTF,2021-06-10,effluent,PFHxA,12.9
Palm Springs WWTF,2021-06-10,effluent,PFOA,5.33
Palm Springs WWTF,2021-06-10,effluent,PFPA,13.7
Palm Springs WWTF,2021-06-10,influent,PFHxA,5.76
Palm Springs WWTF,2021-07-30,effluent,6:2FTS,5.13
Palm Springs WWTF,2021-07-30,effluent,FOSA,10.8
Palm Springs WWTF,2021-07-30,effluent,PFBA,4.44
Palm Springs WWTF,2021-07-30,effluent,PFHxA,12.8
Palm Springs WWTF,2021-07-30,effluent,PFOA,5.28
Palm Springs WWTF,2021-07-30,effluent,PFPA,17.5
Palmdale Water Reclamation Plant,2020-11-24,effluent,PFBA,2.94
Palmdale Water Reclamation Plant,2020-11-24,effluent,PFBS,3.02
Palmdale Water Reclamation Plant,2020-11-24,effluent,PFHxA,19.1
Palmdale Water Reclamation Plant,2020-11-24,effluent,PFOA,8.18
Palmdale Water Reclamation Plant,2020-11-24,effluent,PFPA,9.16
Palmdale Water Reclamation Plant,2020-11-24,influent,PFHxA,4.27
Palmdale Water Reclamation Plant,2020-11-24,influent,PFPA,2.24
Palmdale Water Reclamation Plant,2021-02-23,effluent,PFBA,2.33
Palmdale Water Reclamation Plant,2021-02-23,effluent,PFBS,2.18
Palmdale Water Reclamation Plant,2021-02-23,effluent,PFHxA,20.4
Palmdale Water Reclamation Plant,2021-02-23,effluent,PFOA,4.75
Palmdale Water Reclamation Plant,2021-02-23,effluent,PFPA,7.89
Palmdale Water Reclamation Plant,2021-02-23,influent,PFHxA,4.49
Palmdale Water Reclamation Plant,2021-05-25,effluent,PFBS,3.05
Palmdale Water Reclamation Plant,2021-05-25,effluent,PFHxA,17.7
Palmdale Water Reclamation Plant,2021-05-25,effluent,PFOA,5.75
Palmdale Water Reclamation Plant,2021-05-25,effluent,PFOS,2.03
Palmdale Water Reclamation Plant,2021-05-25,effluent,PFPA,7.78
Palmdale Water Reclamation Plant,2021-05-25,influent,PFHxA,5.12
Palmdale Water Reclamation Plant,2021-05-25,influent,PFPA,3.7
Palmdale Water Reclamation Plant,2021-09-08,effluent,PFBA,3.05
Palmdale Water Reclamation Plant,2021-09-08,effluent,PFHxA,18.9
Palmdale Water Reclamation Plant,2021-09-08,effluent,PFOA,7.31
Palmdale Water Reclamation Plant,2021-09-08,effluent,PFPA,13.9
Palmdale Water Reclamation Plant,2021-09-08,influent,PFHxA,5.5
Palmdale Water Reclamation Plant,2021-09-08,influent,PFPA,4.57
Point Loma WWTP & Ocean Outfall,2021-01-12,effluent,5:3FTCA,41
Point Loma WWTP & Ocean Outfall,2020-10-01,effluent,5:3FTCA,33
Point Loma WWTP & Ocean Outfall,2020-10-01,effluent,6:2FTS,5.7
Point Loma WWTP & Ocean Outfall,2020-10-01,effluent,PFBA,42
Point Loma WWTP & Ocean Outfall,2020-10-01,effluent,PFBS,28
Point Loma WWTP & Ocean Outfall,2020-10-01,effluent,PFHxA,29
Point Loma WWTP & Ocean Outfall,2020-10-01,effluent,PFOA,13
Point Loma WWTP & Ocean Outfall,2020-10-01,effluent,PFOS,8.2
Point Loma WWTP & Ocean Outfall,2020-10-01,effluent,PFPA,48
Point Loma WWTP & Ocean Outfall,2020-10-01,influent,5:3FTCA,44
Point Loma WWTP & Ocean Outfall,2020-10-01,influent,PFBS,29
Point Loma WWTP & Ocean Outfall,2020-10-01,influent,PFHxA,31
Point Loma WWTP & Ocean Outfall,2020-10-01,influent,PFPA,57
Point Loma WWTP & Ocean Outfall,2021-04-22,effluent,5:3FTCA,46
Point Loma WWTP & Ocean Outfall,2021-04-22,effluent,PFHxA,28
Point Loma WWTP & Ocean Outfall,2021-04-22,effluent,PFPA,60
Point Loma WWTP & Ocean Outfall,2021-04-22,influent,PFPA,84
Point Loma WWTP & Ocean Outfall,2021-07-01,effluent,PFHxA,30
Point Loma WWTP & Ocean Outfall,2021-07-01,effluent,PFPA,60
Point Loma WWTP & Ocean Outfall,2021-07-01,influent,PFHxA,28
Point Loma WWTP & Ocean Outfall,2021-07-01,influent,PFPA,53
San Jose Creek Water Reclamation Plant,2020-11-19,effluent,FOSA,3.49
San Jose Creek Water Reclamation Plant,2020-11-19,effluent,PFBA,2.94
San Jose Creek Water Reclamation Plant,2020-11-19,effluent,PFHxA,18.7
San Jose Creek Water Reclamation Plant,2020-11-19,effluent,PFOA,6.29
San Jose Creek Water Reclamation Plant,2020-11-19,effluent,PFPA,16.3
San Jose Creek Water Reclamation Plant,2020-11-19,influent,PFBA,2.21
San Jose Creek Water Reclamation Plant,2020-11-19,influent,PFHxA,2.71
San Jose Creek Water Reclamation Plant,2020-11-19,influent,PFHxS,3.85
San Jose Creek Water Reclamation Plant,2021-02-09,effluent,FOSA,2.63
San Jose Creek Water Reclamation Plant,2021-02-09,effluent,PFBA,3.4
San Jose Creek Water Reclamation Plant,2021-02-09,effluent,PFHxA,15.8
San Jose Creek Water Reclamation Plant,2021-02-09,effluent,PFOA,5.84
San Jose Creek Water Reclamation Plant,2021-02-09,effluent,PFPA,13.4
San Jose Creek Water Reclamation Plant,2021-02-09,influent,PFBA,22.1
San Jose Creek Water Reclamation Plant,2021-02-09,influent,PFHxA,3.43
San Jose Creek Water Reclamation Plant,2021-02-09,influent,PFPA,3.37
San Jose Creek Water Reclamation Plant,2021-05-25,effluent,FOSA,2.33
San Jose Creek Water Reclamation Plant,2021-05-25,effluent,PFBA,6.11
San Jose Creek Water Reclamation Plant,2021-05-25,effluent,PFHxA,18
San Jose Creek Water Reclamation Plant,2021-05-25,effluent,PFOA,4.94
San Jose Creek Water Reclamation Plant,2021-05-25,effluent,PFPA,12.9
San Jose Creek Water Reclamation Plant,2021-05-25,influent,PFHxA,5.01
San Jose Creek Water Reclamation Plant,2021-05-25,influent,PFOA,2.14
San Jose Creek Water Reclamation Plant,2021-05-25,influent,PFPA,4.9
San Jose Creek Water Reclamation Plant,2021-08-03,effluent,FOSA,9.13
San Jose Creek Water Reclamation Plant,2021-08-03,effluent,PFBA,6.17
San Jose Creek Water Reclamation Plant,2021-08-03,effluent,PFHxA,17.9
San Jose Creek Water Reclamation Plant,2021-08-03,effluent,PFOA,4.92
San Jose Creek Water Reclamation Plant,2021-08-03,effluent,PFPA,15.9
South Bay WRP,2021-01-12,effluent,PFHxA,29
South Bay WRP,2021-01-12,influent,PFHxA,160
South Bay WRP,2021-01-12,influent,PFPA,230
South Bay WRP,2020-10-01,effluent,PFBA,10
South Bay WRP,2020-10-01,effluent,PFBS,31
South Bay WRP,2020-10-01,effluent,PFHxA,39
South Bay WRP,2020-10-01,effluent,PFOA,15
South Bay WRP,2020-10-01,effluent,PFOS,6.5
South Bay WRP,2020-10-01,effluent,PFPA,49
South Bay WRP,2020-10-01,influent,PFBA,9.8
South Bay WRP,2020-10-01,influent,PFBS,23
South Bay WRP,2020-10-01,influent,PFHxA,38
South Bay WRP,2020-10-01,influent,PFOA,13
South Bay WRP,2020-10-01,influent,PFOS,6.5
South Bay WRP,2020-10-01,influent,PFPA,46
South Bay WRP,2021-04-22,effluent,PFBA,48
South Bay WRP,2021-04-22,effluent,PFDA,1.4
South Bay WRP,2021-04-22,effluent,PFHpA,5.4
South Bay WRP,2021-04-22,effluent,PFHxA,47
South Bay WRP,2021-04-22,effluent,PFHxS,9.9
South Bay WRP,2021-04-22,effluent,PFNA,2.1
South Bay WRP,2021-04-22,effluent,PFOA,16
South Bay WRP,2021-04-22,effluent,PFOS,9.3
South Bay WRP,2021-04-22,effluent,PFPA,53
South Bay WRP,2021-04-22,influent,PFBA,25
South Bay WRP,2021-04-22,influent,PFDA,1.4
South Bay WRP,2021-04-22,influent,PFHpA,3.5
South Bay WRP,2021-04-22,influent,PFHpS,32
South Bay WRP,2021-04-22,influent,PFHxA,39
South Bay WRP,2021-04-22,influent,PFHxS,4.6
South Bay WRP,2021-04-22,influent,PFOA,16
South Bay WRP,2021-04-22,influent,PFOS,14.266666666666667
South Bay WRP,2021-04-22,influent,PFPA,42.666666666666664
South Bay WRP,2021-04-22,influent,PFPES,3.4
South Bay WRP,2021-07-01,effluent,PFBA,6.8
South Bay WRP,2021-07-01,effluent,PFBS,4.5
South Bay WRP,2021-07-01,effluent,PFHpA,5.3
South Bay WRP,2021-07-01,effluent,PFHxA,64
South Bay WRP,2021-07-01,effluent,PFHxS,8
South Bay WRP,2021-07-01,effluent,PFOA,12
South Bay WRP,2021-07-01,effluent,PFOS,7.5
South Bay WRP,2021-07-01,effluent,PFPA,150
South Bay WRP,2021-07-01,influent,PFBA,6.2
South Bay WRP,2021-07-01,influent,PFBS,4.8
South Bay WRP,2021-07-01,influent,PFHpA,5.4
South Bay WRP,2021-07-01,influent,PFHxA,46
South Bay WRP,2021-07-01,influent,PFHxS,9.3
South Bay WRP,2021-07-01,influent,PFOA,11
South Bay WRP,2021-07-01,influent,PFOS,7.5
South Bay WRP,2021-07-01,influent,PFPA,150
Terminal Island Water Reclamation Plant,2020-10-05,effluent,FOSA,9.94
Terminal Island Water Reclamation Plant,2020-10-05,effluent,PFBA,6.84
Terminal Island Water Reclamation Plant,2020-10-05,effluent,PFBS,6.05
Terminal Island Water Reclamation Plant,2020-10-05,effluent,PFHxA,20.5
Terminal Island Water Reclamation Plant,2020-10-05,effluent,PFHxS,10.9
Terminal Island Water Reclamation Plant,2020-10-05,effluent,PFOA,8.31
Terminal Island Water Reclamation Plant,2020-10-05,effluent,PFOS,28.5
Terminal Island Water Reclamation Plant,2020-10-05,effluent,PFPA,15
Terminal Island Water Reclamation Plant,2020-10-05,influent,PFHxA,6.36
Terminal Island Water Reclamation Plant,2020-10-05,influent,PFHxS,4.93
Terminal Island Water Reclamation Plant,2020-10-05,influent,PFOS,8.18
Terminal Island Water Reclamation Plant,2020-10-05,influent,PFPA,4.5
Terminal Island Water Reclamation Plant,2020-10-05,influent,PFPES,9.17
Terminal Island Water Reclamation Plant,2021-02-02,effluent,6:2FTS,29.7
Terminal Island Water Reclamation Plant,2021-02-02,effluent,FOSA,6.08
Terminal Island Water Reclamation Plant,2021-02-02,effluent,PFBA,17.4
Terminal Island Water Reclamation Plant,2021-02-02,effluent,PFBS,14
Terminal Island Water Reclamation Plant,2021-02-02,effluent,PFHpA,4.81
Terminal Island Water Reclamation Plant,2021-02-02,effluent,PFHxA,36.9
Terminal Island Water Reclamation Plant,2021-02-02,effluent,PFHxS,36.2
Terminal Island Water Reclamation Plant,2021-02-02,effluent,PFOA,13.6
Terminal Island Water Reclamation Plant,2021-02-02,effluent,PFOS,74.3
Terminal Island Water Reclamation Plant,2021-02-02,effluent,PFPA,29.8
Terminal Island Water Reclamation Plant,2021-02-02,influent,6:2FTS,24.2
Terminal Island Water Reclamation Plant,2021-02-02,influent,8:2FTS,10.7
Terminal Island Water Reclamation Plant,2021-02-02,influent,PFBA,7.04
Terminal Island Water Reclamation Plant,2021-02-02,influent,PFBS,10.4
Terminal Island Water Reclamation Plant,2021-02-02,influent,PFHpA,6.22
Terminal Island Water Reclamation Plant,2021-02-02,influent,PFHxA,23.5
Terminal Island Water Reclamation Plant,2021-02-02,influent,PFHxS,27.8
Terminal Island Water Reclamation Plant,2021-02-02,influent,PFOA,7.51
Terminal Island Water Reclamation Plant,2021-02-02,influent,PFOS,90.5
Terminal Island Water Reclamation Plant,2021-02-02,influent,PFPA,13.3
Terminal Island Water Reclamation Plant,2021-04-04,effluent,6:2FTS,4.76
Terminal Island Water Reclamation Plant,2021-04-04,effluent,FOSA,4.75
Terminal Island Water Reclamation Plant,2021-04-04,effluent,PFBS,12.2
Terminal Island Water Reclamation Plant,2021-04-04,effluent,PFHpA,7.52
Terminal Island Water Reclamation Plant,2021-04-04,effluent,PFHxA,35.9
Terminal Island Water Reclamation Plant,2021-04-04,effluent,PFHxS,27.1
Terminal Island Water Reclamation Plant,2021-04-04,effluent,PFOA,15.2
Terminal Island Water Reclamation Plant,2021-04-04,effluent,PFOS,54.7
Terminal Island Water Reclamation Plant,2021-04-04,effluent,PFPA,27.2
Terminal Island Water Reclamation Plant,2021-04-04,effluent,PFPES,5.13
Terminal Island Water Reclamation Plant,2021-04-04,influent,PFBS,14.3
Terminal Island Water Reclamation Plant,2021-04-04,influent,PFHxA,7.67
Terminal Island Water Reclamation Plant,2021-04-04,influent,PFHxS,9.38
Terminal Island Water Reclamation Plant,2021-04-04,influent,PFOS,27.5
Terminal Island Water Reclamation Plant,2021-04-04,influent,PFPA,5.91
Terminal Island Water Reclamation Plant,2021-07-07,effluent,6:2FTS,190
Terminal Island Water Reclamation Plant,2021-07-07,effluent,8:2FTS,120
Terminal Island Water Reclamation Plant,2021-07-07,effluent,FOSA,23.7
Terminal Island Water Reclamation Plant,2021-07-07,effluent,PFBA,18.9
Terminal Island Water Reclamation Plant,2021-07-07,effluent,PFBS,31.4
Terminal Island Water Reclamation Plant,2021-07-07,effluent,PFHpA,19.4
Terminal Island Water Reclamation Plant,2021-07-07,effluent,PFHpS,28.3
Terminal Island Water Reclamation Plant,2021-07-07,effluent,PFHxA,58.5
Terminal Island Water Reclamation Plant,2021-07-07,effluent,PFHxS,152
Terminal Island Water Reclamation Plant,2021-07-07,effluent,PFNA,27.9
Terminal Island Water Reclamation Plant,2021-07-07,effluent,PFOA,32.8
Terminal Island Water Reclamation Plant,2021-07-07,effluent,PFOS,2420
Terminal Island Water Reclamation Plant,2021-07-07,effluent,PFPA,30.4
Terminal Island Water Reclamation Plant,2021-07-07,effluent,PFUnA,9.38
Terminal Island Water Reclamation Plant,2021-07-07,influent,6:2FTS,38.2
Terminal Island Water Reclamation Plant,2021-07-07,influent,8:2FTS,14
Terminal Island Water Reclamation Plant,2021-07-07,influent,PFBA,5.07
Terminal Island Water Reclamation Plant,2021-07-07,influent,PFBS,18.3
Terminal Island Water Reclamation Plant,2021-07-07,influent,PFHpA,6.01
Terminal Island Water Reclamation Plant,2021-07-07,influent,PFHxA,18.6
Terminal Island Water Reclamation Plant,2021-07-07,influent,PFHxS,53.9
Terminal Island Water Reclamation Plant,2021-07-07,influent,PFNA,6.21
Terminal Island Water Reclamation Plant,2021-07-07,influent,PFOA,11.2
Terminal Island Water Reclamation Plant,2021-07-07,influent,PFOS,418
Valencia WRP,2020-11-18,effluent,PFBA,4.35
Valencia WRP,2020-11-18,effluent,PFBS,3.14
Valencia WRP,2020-11-18,effluent,PFHxA,29.3
Valencia WRP,2020-11-18,effluent,PFOA,8.83
Valencia WRP,2020-11-18,effluent,PFOS,2.27
Valencia WRP,2020-11-18,effluent,PFPA,13.3
Valencia WRP,2020-11-18,influent,6:2FTS,4.78
Valencia WRP,2020-11-18,influent,PFBA,2.65
Valencia WRP,2020-11-18,influent,PFHxA,7.51
Valencia WRP,2020-11-18,influent,PFHxS,4.21
Valencia WRP,2020-11-18,influent,PFOA,3.83
Valencia WRP,2020-11-18,influent,PFPA,3.3
Valencia WRP,2021-02-11,effluent,PFBA,4.4
Valencia WRP,2021-02-11,effluent,PFBS,3.71
Valencia WRP,2021-02-11,effluent,PFHxA,25.7
Valencia WRP,2021-02-11,effluent,PFOA,8.62
Valencia WRP,2021-02-11,effluent,PFPA,11.6
Valencia WRP,2021-02-11,influent,PFBA,3.44
Valencia WRP,2021-02-11,influent,PFBS,2.6
Valencia WRP,2021-02-11,influent,PFHxA,7.53
Valencia WRP,2021-02-11,influent,PFHxS,3.92
Valencia WRP,2021-02-11,influent,PFOA,2.64
Valencia WRP,2021-02-11,influent,PFPA,4.68
Valencia WRP,2021-05-06,effluent,PFBA,5.27
Valencia WRP,2021-05-06,effluent,PFBS,3.24
Valencia WRP,2021-05-06,effluent,PFHxA,23.7
Valencia WRP,2021-05-06,effluent,PFOA,6.73
Valencia WRP,2021-05-06,effluent,PFOS,2.04
Valencia WRP,2021-05-06,effluent,PFPA,12.2
Valencia WRP,2021-05-06,influent,PFBA,4.64
Valencia WRP,2021-05-06,influent,PFHxA,6.72
Valencia WRP,2021-05-06,influent,PFOA,3.44
Valencia WRP,2021-05-06,influent,PFPA,5.63
Valencia WRP,2021-08-12,effluent,PFHpA,2.04
Valencia WRP,2021-08-12,effluent,PFHxA,20.9
Valencia WRP,2021-08-12,effluent,PFHxS,3.71
Valencia WRP,2021-08-12,effluent,PFOA,8.4
Valencia WRP,2021-08-12,effluent,PFPA,29.8
Valencia WRP,2021-08-12,influent,PFHpA,4.92
Valencia WRP,2021-08-12,influent,PFHxA,11.8
Valencia WRP,2021-08-12,influent,PFOA,4.96
Valencia WRP,2021-08-12,influent,PFPA,9.35
